{
  "CREDIT_CARD": {
    "precision": 0.41379310344827586,
    "recall": 0.41379310344827586,
    "f1": 0.41379310344827586,
    "tp": 12,
    "fp": 17,
    "fn": 17,
    "support": 29
  },
  "PHONE": {
    "precision": 0.5333333333333333,
    "recall": 0.5333333333333333,
    "f1": 0.5333333333333333,
    "tp": 32,
    "fp": 28,
    "fn": 28,
    "support": 60
  },
  "EMAIL": {
    "precision": 0.47368421052631576,
    "recall": 0.48214285714285715,
    "f1": 0.47787610619469023,
    "tp": 27,
    "fp": 30,
    "fn": 29,
    "support": 56
  },
  "PERSON_NAME": {
    "precision": 1.0,
    "recall": 1.0,
    "f1": 1.0,
    "tp": 101,
    "fp": 0,
    "fn": 0,
    "support": 101
  },
  "DATE": {
    "precision": 0.7142857142857143,
    "recall": 0.7142857142857143,
    "f1": 0.7142857142857143,
    "tp": 20,
    "fp": 8,
    "fn": 8,
    "support": 28
  },
  "CITY": {
    "precision": 0.9491525423728814,
    "recall": 0.9655172413793104,
    "f1": 0.9572649572649573,
    "tp": 56,
    "fp": 3,
    "fn": 2,
    "support": 58
  },
  "LOCATION": {
    "precision": 0.46875,
    "recall": 0.625,
    "f1": 0.5357142857142857,
    "tp": 15,
    "fp": 17,
    "fn": 9,
    "support": 24
  },
  "ALL": {
    "precision": 0.7185792349726776,
    "recall": 0.7387640449438202,
    "f1": 0.7285318559556787,
    "tp": 263,
    "fp": 103,
    "fn": 93,
    "support": 356
  },
  "PII": {
    "precision": 0.6981818181818182,
    "recall": 0.7007299270072993,
    "f1": 0.6994535519125683,
    "tp": 192,
    "fp": 83,
    "fn": 82,
    "support": 274
  },
  "NON_PII": {
    "precision": 0.7802197802197802,
    "recall": 0.8658536585365854,
    "f1": 0.8208092485549133,
    "tp": 71,
    "fp": 20,
    "fn": 11,
    "support": 82
  }
}